<?xml version="1.0" encoding="UTF-8"?>

<beans xmlns="http://www.springframework.org/schema/beans"
	xmlns:xsi="http://www.w3.org/2001/XMLSchema-instance"
	xmlns:mvc="http://www.springframework.org/schema/mvc"
	xmlns:context="http://www.springframework.org/schema/context"
	xmlns:p="http://www.springframework.org/schema/p"
	xsi:schemaLocation="http://www.springframework.org/schema/mvc http://www.springframework.org/schema/mvc/spring-mvc.xsd
		http://www.springframework.org/schema/beans http://www.springframework.org/schema/beans/spring-beans.xsd
		http://www.springframework.org/schema/context http://www.springframework.org/schema/context/spring-context.xsd">

    <!-- Uncomment and your base-package here:
         <context:component-scan
            base-package="org.springframework.samples.web"/>  -->
	<bean id="datasource"
	class="org.springframework.jdbc.datasource.DriverManagerDataSource"
			p:driverClassName="oracle.jdbc.driver.OracleDriver"
			p:url="jdbc:oracle:thin:@127.0.0.1:1521/xe"
			p:username="hr"
			p:password="hr">
	</bean>
    	<bean id="sqlSessionFactory"
			class="org.mybatis.spring.SqlSessionFactoryBean"
			p:dataSource-ref="datasource"
			p:configLocation="classpath:mybatisConfig.xml">
		</bean>
	<bean id="sqlSession"
			class="org.mybatis.spring.SqlSessionTemplate">
		<constructor-arg ref="sqlSessionFactory"/>
	</bean>
	<bean id="messageSource" 
	class="org.springframework.context.support.ResourceBundleMessageSource">
		<property name="basenames">
			<list>
				<value>applicationResource</value><!-- 프로퍼티즈 파일의 언어 코드는 제외한 이름 -->
			</list>
		</property>
	</bean>
	<bean 
	class="org.springframework.web.servlet.mvc.support.ControllerClassNameHandlerMapping">
	</bean>
	<context:component-scan 
	base-package="dao,controller"></context:component-scan>
	<bean class="org.springframework.web.servlet.view.InternalResourceViewResolver">
	        <!-- Example: a logical view name of 'showMessage' is mapped to '/WEB-INF/jsp/showMessage.jsp' -->
	        <property name="prefix" value="/WEB-INF/jsp/"/>
	        <property name="suffix" value=".jsp"/>
	</bean>

</beans>
